               epoch,      train/box_loss,      train/obj_loss,      train/cls_loss,   metrics/precision,      metrics/recall,     metrics/mAP_0.5,metrics/mAP_0.5:0.95,        val/box_loss,        val/obj_loss,        val/cls_loss,               x/lr0,               x/lr1,               x/lr2
                   0,             0.10043,            0.069269,            0.050554,             0.58141,              0.2556,             0.18704,            0.069794,            0.070729,            0.058671,            0.032184,            0.070132,           0.0033187,           0.0033187
                   1,            0.071172,            0.069314,            0.030096,             0.64416,             0.37772,             0.35414,             0.15736,            0.062402,            0.052717,            0.021548,             0.04011,           0.0066301,           0.0066301
                   2,            0.065919,             0.06588,            0.023635,             0.66815,             0.46385,             0.49245,             0.30856,            0.051844,            0.051873,            0.017691,            0.010066,           0.0099195,           0.0099195
                   3,            0.057968,            0.062924,            0.019728,             0.83084,             0.54949,              0.6487,             0.40044,            0.047913,            0.049459,             0.01517,            0.009901,            0.009901,            0.009901
                   4,            0.052394,            0.060217,            0.017378,              0.8864,             0.57966,             0.69844,             0.41618,             0.04133,            0.047698,            0.013591,            0.009901,            0.009901,            0.009901
                   5,            0.048628,            0.059408,            0.015835,             0.88007,              0.6598,             0.72618,             0.46329,            0.038494,            0.047928,            0.011939,            0.009868,            0.009868,            0.009868
                   6,            0.046938,            0.058336,            0.014593,             0.88006,             0.67454,             0.73999,             0.48855,             0.03709,            0.048368,             0.01122,            0.009835,            0.009835,            0.009835
                   7,             0.04492,            0.056809,            0.013709,             0.82631,             0.72515,             0.76621,              0.5234,            0.035405,            0.044566,            0.011093,            0.009802,            0.009802,            0.009802
                   8,            0.043281,            0.056554,             0.01298,              0.8697,             0.72186,             0.77859,             0.54586,            0.033532,            0.044705,            0.009868,            0.009769,            0.009769,            0.009769
                   9,            0.042764,            0.055896,            0.012291,               0.908,             0.72805,             0.79308,             0.56388,             0.03242,            0.042588,           0.0094565,            0.009736,            0.009736,            0.009736
                  10,            0.041451,            0.053462,              0.0116,             0.89965,              0.7639,             0.80717,             0.56714,            0.032496,            0.042745,           0.0091241,            0.009703,            0.009703,            0.009703
                  11,            0.040878,            0.053573,            0.011419,             0.89817,             0.73938,             0.80573,             0.57991,            0.031008,            0.042973,           0.0090647,             0.00967,             0.00967,             0.00967
                  12,            0.040408,            0.053682,            0.011231,             0.88274,             0.71874,             0.80186,             0.58628,            0.031332,            0.044008,            0.008958,            0.009637,            0.009637,            0.009637
                  13,            0.039716,            0.052446,            0.010788,              0.9171,             0.74425,             0.81787,             0.59345,            0.029322,            0.040698,           0.0084751,            0.009604,            0.009604,            0.009604
                  14,             0.03891,            0.051664,             0.01044,             0.84511,             0.78081,             0.81707,             0.59393,            0.029344,            0.041226,           0.0083084,            0.009571,            0.009571,            0.009571
                  15,            0.038806,            0.052008,            0.010441,             0.88942,             0.76389,             0.81416,             0.60105,            0.029095,             0.04117,           0.0082755,            0.009538,            0.009538,            0.009538
                  16,            0.038242,             0.05215,            0.010148,              0.9045,             0.75876,             0.83317,             0.62575,            0.029228,            0.044505,           0.0079307,            0.009505,            0.009505,            0.009505
                  17,            0.037587,            0.050653,            0.009947,             0.91632,             0.76507,             0.83618,             0.62093,            0.028967,            0.042269,           0.0077754,            0.009472,            0.009472,            0.009472
                  18,            0.037008,            0.050639,           0.0097384,              0.9208,              0.7815,             0.85313,             0.64777,            0.026974,             0.03918,           0.0073505,            0.009439,            0.009439,            0.009439
                  19,            0.036583,            0.049754,           0.0094646,             0.91692,             0.76284,             0.88636,             0.66415,            0.028293,            0.042008,           0.0075416,            0.009406,            0.009406,            0.009406
                  20,            0.036438,            0.050268,           0.0094026,             0.88637,             0.77928,             0.87653,              0.6684,            0.028109,            0.040572,           0.0076587,            0.009373,            0.009373,            0.009373
                  21,            0.035991,             0.04918,           0.0093456,             0.89659,             0.75732,             0.88299,             0.66258,             0.02822,            0.039605,           0.0074649,             0.00934,             0.00934,             0.00934
                  22,            0.035904,            0.049309,           0.0091796,             0.93754,             0.76201,             0.90422,             0.69032,            0.026082,            0.039307,           0.0071921,            0.009307,            0.009307,            0.009307
                  23,            0.035483,            0.048914,           0.0090341,             0.77386,             0.88625,             0.91545,             0.69992,            0.027044,            0.039024,            0.007221,            0.009274,            0.009274,            0.009274
                  24,            0.035109,            0.048846,           0.0089688,             0.84091,             0.84873,             0.90358,             0.68448,            0.026901,            0.043076,           0.0074821,            0.009241,            0.009241,            0.009241
                  25,            0.034728,            0.047928,           0.0089457,             0.79461,             0.87365,             0.91324,             0.70948,            0.025761,            0.038873,           0.0068404,            0.009208,            0.009208,            0.009208
                  26,            0.034357,            0.047584,           0.0087477,             0.92019,             0.85531,              0.9214,             0.70532,            0.025255,             0.03857,            0.006982,            0.009175,            0.009175,            0.009175
                  27,            0.033884,            0.047634,           0.0086101,             0.89081,              0.8741,             0.91819,             0.71506,            0.025951,             0.03823,           0.0068205,            0.009142,            0.009142,            0.009142
                  28,            0.033689,            0.046694,            0.008235,             0.93188,             0.86211,             0.91892,             0.72147,            0.025096,            0.038765,            0.006677,            0.009109,            0.009109,            0.009109
                  29,             0.03379,            0.047325,           0.0083289,             0.89144,             0.85457,             0.91426,             0.71707,            0.025943,             0.03873,           0.0071159,            0.009076,            0.009076,            0.009076
                  30,            0.033389,            0.046506,           0.0082737,             0.91933,              0.8621,             0.91724,              0.7141,            0.025013,            0.040098,           0.0064972,            0.009043,            0.009043,            0.009043
                  31,            0.032925,            0.046386,            0.008151,             0.92403,             0.88183,             0.92258,             0.72086,            0.024662,            0.039429,           0.0064724,             0.00901,             0.00901,             0.00901
                  32,            0.033239,            0.046292,           0.0080128,             0.90591,             0.87739,             0.91906,             0.71339,            0.024651,            0.038376,           0.0063611,            0.008977,            0.008977,            0.008977
                  33,             0.03301,            0.046704,           0.0081479,             0.91065,              0.8777,             0.92345,             0.71618,            0.024629,            0.037716,           0.0064734,            0.008944,            0.008944,            0.008944
                  34,            0.032819,            0.046233,           0.0079572,             0.92087,             0.89139,             0.93032,             0.72974,            0.024424,              0.0374,           0.0061244,            0.008911,            0.008911,            0.008911
                  35,            0.031979,            0.045275,           0.0077214,             0.89901,             0.85841,             0.91077,               0.708,            0.024575,            0.038965,           0.0063692,            0.008878,            0.008878,            0.008878
                  36,            0.031913,              0.0448,           0.0077227,             0.91687,             0.88257,             0.92669,             0.73602,            0.024123,            0.037523,           0.0063091,            0.008845,            0.008845,            0.008845
                  37,            0.032082,            0.045476,           0.0077782,             0.90856,             0.88615,             0.92694,             0.71724,            0.023969,            0.037266,           0.0058248,            0.008812,            0.008812,            0.008812
                  38,            0.031788,            0.045284,           0.0075567,             0.91632,             0.87511,             0.91692,             0.72801,            0.023809,            0.036675,            0.006051,            0.008779,            0.008779,            0.008779
                  39,            0.031445,            0.044447,           0.0076117,             0.91588,             0.86586,             0.91968,             0.73074,            0.023805,               0.039,           0.0060437,            0.008746,            0.008746,            0.008746
                  40,            0.031701,            0.044902,           0.0075161,             0.92973,             0.87097,             0.92545,             0.74099,            0.023446,            0.037627,           0.0060038,            0.008713,            0.008713,            0.008713
                  41,            0.031417,            0.044311,           0.0075075,             0.91566,             0.88997,              0.9336,              0.7537,            0.023467,            0.036218,           0.0057807,             0.00868,             0.00868,             0.00868
                  42,            0.031283,            0.043922,           0.0073614,             0.92594,             0.86093,             0.92398,              0.7419,            0.023304,            0.038077,           0.0062458,            0.008647,            0.008647,            0.008647
                  43,            0.031032,            0.044386,           0.0073344,             0.92549,             0.87324,             0.92825,             0.75292,             0.02321,            0.036625,            0.006165,            0.008614,            0.008614,            0.008614
                  44,            0.030975,            0.044098,           0.0073478,             0.93749,             0.86016,             0.92729,             0.74087,            0.023093,            0.036915,           0.0057669,            0.008581,            0.008581,            0.008581
                  45,            0.030911,            0.044005,           0.0072022,             0.91923,             0.88892,             0.92932,             0.74441,            0.022991,            0.037802,           0.0058338,            0.008548,            0.008548,            0.008548
                  46,            0.031165,            0.043818,           0.0070977,             0.93353,             0.86586,             0.92585,             0.74013,            0.022961,            0.037117,           0.0056894,            0.008515,            0.008515,            0.008515
                  47,            0.030921,            0.044009,           0.0071167,             0.91352,             0.84484,             0.91455,             0.74438,            0.023021,            0.035827,           0.0059806,            0.008482,            0.008482,            0.008482
                  48,            0.030823,            0.043952,           0.0072421,             0.90964,             0.87074,             0.92596,             0.75225,            0.022391,             0.03594,           0.0056275,            0.008449,            0.008449,            0.008449
                  49,             0.03072,            0.043659,           0.0070765,             0.92177,             0.87629,             0.93641,             0.75829,            0.022468,             0.03672,            0.005764,            0.008416,            0.008416,            0.008416
                  50,            0.030358,            0.043226,           0.0070554,             0.92763,             0.87996,             0.92883,             0.75692,            0.022231,            0.035792,           0.0056874,            0.008383,            0.008383,            0.008383
                  51,            0.030359,            0.043266,           0.0071413,              0.9414,             0.87957,              0.9352,             0.76156,            0.022672,             0.03663,           0.0058498,             0.00835,             0.00835,             0.00835
                  52,            0.029748,            0.042662,           0.0069027,             0.93416,             0.88573,             0.93987,             0.75835,            0.022356,            0.036403,           0.0058308,            0.008317,            0.008317,            0.008317
                  53,            0.030271,            0.042918,           0.0070015,             0.92175,             0.88003,             0.93131,             0.75584,            0.022509,            0.036464,           0.0056636,            0.008284,            0.008284,            0.008284
                  54,             0.03007,            0.043331,           0.0068039,             0.92354,              0.8851,             0.93511,             0.76337,            0.022478,            0.036892,           0.0055618,            0.008251,            0.008251,            0.008251
                  55,             0.02962,            0.042625,           0.0067497,             0.92017,             0.89895,             0.93971,             0.76722,            0.022076,            0.036657,           0.0055294,            0.008218,            0.008218,            0.008218
                  56,            0.029631,            0.042415,           0.0067249,             0.93111,             0.87968,             0.93518,             0.76383,            0.022133,            0.037709,           0.0055422,            0.008185,            0.008185,            0.008185
                  57,             0.02971,            0.042692,           0.0068041,             0.91167,             0.88522,             0.93542,             0.76964,            0.022158,            0.036972,           0.0055368,            0.008152,            0.008152,            0.008152
                  58,            0.029088,              0.0415,           0.0066664,             0.93847,             0.86514,             0.92592,             0.76057,            0.021949,            0.036236,           0.0056886,            0.008119,            0.008119,            0.008119
                  59,            0.029495,            0.042146,           0.0066955,             0.92761,             0.88051,             0.94009,             0.76292,            0.022141,            0.036426,           0.0056424,            0.008086,            0.008086,            0.008086
                  60,            0.029262,             0.04168,           0.0065931,              0.9312,             0.89345,              0.9394,             0.76804,            0.021935,            0.035424,           0.0056493,            0.008053,            0.008053,            0.008053
                  61,            0.029356,            0.042146,           0.0066209,             0.93273,             0.88251,             0.93554,             0.76748,            0.022056,            0.036002,           0.0056649,             0.00802,             0.00802,             0.00802
                  62,            0.029621,            0.041767,           0.0066199,             0.94343,             0.87255,             0.93337,             0.76957,            0.021569,            0.035332,           0.0054492,            0.007987,            0.007987,            0.007987
                  63,               0.029,             0.04221,           0.0065441,             0.90751,              0.8925,             0.93445,             0.76927,            0.021616,            0.035349,           0.0055117,            0.007954,            0.007954,            0.007954
                  64,            0.029136,            0.041932,           0.0065859,             0.92704,             0.88866,             0.93735,             0.76748,            0.021544,            0.034609,           0.0053359,            0.007921,            0.007921,            0.007921
                  65,            0.028853,            0.041578,           0.0064586,             0.92796,             0.88758,             0.93148,             0.76838,             0.02183,            0.037274,           0.0054593,            0.007888,            0.007888,            0.007888
                  66,            0.028626,            0.041063,           0.0063636,             0.92385,             0.87901,             0.93063,             0.77078,            0.021359,            0.035901,           0.0055926,            0.007855,            0.007855,            0.007855
                  67,            0.028523,            0.040972,           0.0065511,             0.90132,              0.8924,             0.93183,             0.76815,            0.021421,            0.036248,           0.0053708,            0.007822,            0.007822,            0.007822
                  68,            0.028734,            0.041073,           0.0063664,             0.91048,             0.89354,             0.93293,             0.77342,            0.021164,            0.034986,           0.0054983,            0.007789,            0.007789,            0.007789
                  69,            0.028974,            0.041491,           0.0065206,             0.92134,             0.88986,             0.93784,             0.76833,            0.021813,            0.036312,           0.0054488,            0.007756,            0.007756,            0.007756
                  70,            0.028605,            0.041175,           0.0062341,             0.92697,             0.89698,             0.93678,             0.76724,            0.021379,             0.03624,           0.0053668,            0.007723,            0.007723,            0.007723
                  71,             0.02845,            0.040854,           0.0063363,             0.92392,             0.89556,              0.9333,             0.76932,            0.021394,            0.036092,           0.0054296,             0.00769,             0.00769,             0.00769
                  72,            0.028232,            0.041404,           0.0063334,             0.92159,             0.90229,             0.93612,             0.78903,            0.021037,            0.034463,           0.0053395,            0.007657,            0.007657,            0.007657
                  73,            0.028244,            0.040804,           0.0062616,             0.92681,              0.9003,             0.93978,              0.7769,            0.021082,            0.035283,           0.0054306,            0.007624,            0.007624,            0.007624
                  74,            0.028328,            0.041214,           0.0062858,             0.93317,             0.88651,             0.93585,             0.78164,            0.020969,            0.034525,           0.0053517,            0.007591,            0.007591,            0.007591
                  75,            0.028015,            0.040483,           0.0063649,             0.90981,              0.8976,              0.9371,             0.77994,            0.021119,            0.035091,           0.0053691,            0.007558,            0.007558,            0.007558
                  76,            0.028193,            0.040871,           0.0061967,             0.91803,             0.88511,             0.93367,             0.77804,            0.021154,            0.035322,           0.0053952,            0.007525,            0.007525,            0.007525
                  77,             0.02801,            0.040794,           0.0061199,             0.92642,             0.90991,             0.93905,             0.78101,            0.021001,            0.034731,           0.0053805,            0.007492,            0.007492,            0.007492
                  78,            0.027925,            0.040251,           0.0062447,             0.93373,              0.8851,             0.93895,             0.78719,            0.020946,            0.033755,           0.0053974,            0.007459,            0.007459,            0.007459
                  79,            0.027798,            0.040316,           0.0060234,             0.92833,             0.89169,             0.93529,             0.78155,            0.020829,             0.03535,            0.005367,            0.007426,            0.007426,            0.007426
                  80,            0.028007,            0.040679,           0.0060973,             0.93216,             0.89437,             0.93637,             0.77914,            0.020852,            0.034716,           0.0052515,            0.007393,            0.007393,            0.007393
                  81,            0.027475,            0.039614,           0.0059909,             0.93421,             0.89526,             0.93869,             0.79525,            0.020701,            0.034545,           0.0053598,             0.00736,             0.00736,             0.00736
                  82,            0.027731,            0.039842,           0.0060746,             0.91021,             0.90237,             0.93694,             0.79206,            0.020589,            0.035463,           0.0052723,            0.007327,            0.007327,            0.007327
                  83,            0.027626,            0.039611,           0.0059635,             0.93329,              0.8877,             0.93498,             0.78947,             0.02049,            0.035123,           0.0053394,            0.007294,            0.007294,            0.007294
                  84,            0.027544,             0.04024,           0.0060292,             0.92406,             0.90237,             0.93117,             0.78902,            0.020366,            0.035438,           0.0052782,            0.007261,            0.007261,            0.007261
                  85,            0.027646,            0.040484,           0.0059505,              0.9288,             0.89497,             0.93675,             0.78977,              0.0205,            0.034605,           0.0052611,            0.007228,            0.007228,            0.007228
                  86,             0.02745,            0.039956,           0.0058398,             0.94421,             0.88929,             0.93789,             0.79482,            0.020298,            0.035135,           0.0051573,            0.007195,            0.007195,            0.007195
                  87,            0.027591,            0.040523,           0.0060443,             0.93418,             0.90038,              0.9349,             0.79346,            0.020446,            0.033618,           0.0051452,            0.007162,            0.007162,            0.007162
                  88,            0.027293,            0.039236,           0.0058644,             0.94741,             0.88669,             0.93582,             0.78674,            0.020491,            0.035361,           0.0052701,            0.007129,            0.007129,            0.007129
                  89,            0.027043,            0.039733,           0.0058713,             0.92432,             0.88083,             0.93091,             0.77953,            0.020686,            0.034888,            0.005238,            0.007096,            0.007096,            0.007096
                  90,            0.027199,            0.039632,           0.0059235,             0.93839,              0.8747,             0.93574,             0.79112,            0.020159,            0.034613,           0.0051134,            0.007063,            0.007063,            0.007063
                  91,            0.027129,            0.039627,           0.0058934,             0.92479,             0.87798,             0.93287,             0.78789,             0.02037,            0.035635,           0.0051882,             0.00703,             0.00703,             0.00703
                  92,            0.027007,            0.039056,           0.0058758,             0.93363,              0.8844,              0.9344,             0.78917,            0.020232,            0.035554,           0.0050169,            0.006997,            0.006997,            0.006997
                  93,             0.02707,            0.039277,           0.0058674,             0.93479,             0.87907,             0.92754,              0.7845,            0.020026,            0.034936,            0.005033,            0.006964,            0.006964,            0.006964
                  94,             0.02695,            0.039471,           0.0058169,             0.91974,             0.90287,             0.93347,             0.78924,            0.020128,             0.03532,           0.0051308,            0.006931,            0.006931,            0.006931
                  95,            0.026826,            0.039128,            0.005824,             0.91568,             0.89838,             0.93593,             0.79254,            0.020062,            0.035087,            0.005133,            0.006898,            0.006898,            0.006898
                  96,             0.02722,            0.039473,           0.0057629,             0.93404,             0.88453,             0.93515,             0.79538,            0.020265,            0.034275,           0.0050436,            0.006865,            0.006865,            0.006865
                  97,            0.026941,            0.038801,           0.0055793,             0.93406,             0.89861,             0.93962,             0.79749,            0.020101,            0.034682,           0.0048553,            0.006832,            0.006832,            0.006832
                  98,            0.026778,            0.038769,           0.0057007,             0.93017,             0.89038,             0.93822,             0.79534,            0.019911,            0.034913,           0.0049574,            0.006799,            0.006799,            0.006799
                  99,            0.026628,            0.038728,           0.0055155,             0.94514,             0.88195,             0.93571,             0.79784,            0.019829,            0.035101,            0.004845,            0.006766,            0.006766,            0.006766
                 100,            0.026855,            0.039247,           0.0056805,             0.92529,             0.89663,             0.93637,             0.79725,            0.020047,            0.035253,           0.0050728,            0.006733,            0.006733,            0.006733
                 101,            0.026341,            0.038607,           0.0056394,             0.92041,             0.89761,             0.92964,             0.79083,            0.019918,            0.034965,           0.0050714,              0.0067,              0.0067,              0.0067
                 102,            0.026377,             0.03804,           0.0056672,             0.93703,             0.87772,             0.93488,             0.79677,            0.020049,            0.035001,           0.0050092,            0.006667,            0.006667,            0.006667
                 103,            0.026543,            0.038643,           0.0055297,             0.92877,              0.8944,             0.93896,             0.79875,            0.019765,            0.035813,           0.0048806,            0.006634,            0.006634,            0.006634
                 104,             0.02616,            0.038615,           0.0056464,             0.93082,             0.88649,             0.93593,              0.7969,            0.019857,            0.035131,           0.0049324,            0.006601,            0.006601,            0.006601
                 105,            0.026309,            0.038101,           0.0055317,             0.92566,             0.89975,             0.93756,             0.79992,             0.01962,            0.034963,           0.0047979,            0.006568,            0.006568,            0.006568
                 106,            0.026306,            0.038451,           0.0054687,             0.93275,             0.88441,             0.93575,             0.79884,            0.019723,            0.034643,           0.0048189,            0.006535,            0.006535,            0.006535
                 107,            0.026191,             0.03843,           0.0056598,             0.94038,              0.8892,             0.94318,             0.80563,            0.019581,            0.034001,           0.0048388,            0.006502,            0.006502,            0.006502
                 108,            0.026245,            0.037982,           0.0053941,             0.94959,             0.89067,             0.94384,             0.80874,            0.019568,            0.033802,           0.0048079,            0.006469,            0.006469,            0.006469
                 109,            0.026132,            0.037943,            0.005461,              0.9202,              0.9032,             0.94039,             0.80454,            0.019311,            0.034064,           0.0048387,            0.006436,            0.006436,            0.006436
                 110,             0.02634,            0.037836,           0.0055149,             0.92902,             0.90054,             0.94181,              0.8025,            0.019417,            0.034225,           0.0050121,            0.006403,            0.006403,            0.006403
                 111,            0.026053,            0.038005,           0.0056346,             0.93747,             0.89705,             0.93876,             0.80462,            0.019566,            0.035212,           0.0050305,             0.00637,             0.00637,             0.00637
                 112,            0.026231,            0.038727,           0.0053745,             0.94296,             0.89545,             0.93682,             0.80579,            0.019519,            0.035404,           0.0052182,            0.006337,            0.006337,            0.006337
                 113,            0.026031,            0.038277,           0.0053021,             0.94069,             0.90176,             0.93972,             0.80712,            0.019354,            0.034736,           0.0050076,            0.006304,            0.006304,            0.006304
                 114,            0.026139,            0.038686,           0.0054988,             0.92831,              0.9003,             0.93761,             0.79693,            0.019644,            0.034597,           0.0050257,            0.006271,            0.006271,            0.006271
                 115,             0.02599,            0.037881,           0.0055056,              0.9213,             0.90131,             0.93528,             0.79968,            0.019512,            0.034771,           0.0049956,            0.006238,            0.006238,            0.006238
                 116,            0.025913,            0.037547,           0.0053332,             0.92964,             0.90322,              0.9393,             0.81074,            0.019254,            0.033898,           0.0049402,            0.006205,            0.006205,            0.006205
                 117,            0.026068,            0.038215,           0.0054164,             0.92705,             0.89818,             0.93955,             0.80992,            0.019265,            0.034245,           0.0046338,            0.006172,            0.006172,            0.006172
                 118,            0.025483,            0.037113,           0.0053446,             0.93344,             0.90222,             0.93922,             0.80661,            0.019297,            0.034384,           0.0047491,            0.006139,            0.006139,            0.006139
                 119,            0.025456,            0.037316,           0.0053066,             0.93696,             0.89792,             0.93897,             0.81134,            0.019226,            0.033836,           0.0048348,            0.006106,            0.006106,            0.006106
                 120,            0.025649,            0.038036,           0.0052856,             0.93518,             0.90392,             0.94041,             0.81279,            0.019313,            0.033827,           0.0047838,            0.006073,            0.006073,            0.006073
                 121,            0.025771,             0.03734,           0.0052803,             0.93666,             0.89806,             0.94196,             0.81417,            0.019488,            0.033476,           0.0049626,             0.00604,             0.00604,             0.00604
                 122,            0.025582,            0.037156,           0.0052719,             0.93287,             0.90859,             0.94631,             0.81964,            0.019341,            0.034217,           0.0047059,            0.006007,            0.006007,            0.006007
                 123,            0.025648,            0.038089,           0.0051774,              0.9469,             0.90568,             0.94891,             0.81345,            0.019386,            0.033854,            0.004584,            0.005974,            0.005974,            0.005974
                 124,            0.025707,            0.037708,            0.005275,              0.9295,             0.90591,             0.94733,             0.81678,            0.019237,            0.034132,           0.0045445,            0.005941,            0.005941,            0.005941
                 125,            0.025806,            0.037721,           0.0053761,             0.94352,             0.88436,             0.94515,              0.8169,             0.01934,            0.034017,           0.0046619,            0.005908,            0.005908,            0.005908
                 126,            0.025687,            0.037782,           0.0052811,             0.93556,             0.89679,             0.94155,             0.81177,             0.01923,            0.033838,           0.0048222,            0.005875,            0.005875,            0.005875
                 127,            0.025262,            0.037063,           0.0051929,             0.94191,             0.89495,             0.94231,             0.80964,            0.019214,            0.034216,           0.0049359,            0.005842,            0.005842,            0.005842
                 128,            0.025316,            0.037091,           0.0050622,             0.93493,             0.88049,             0.93924,             0.80447,            0.019214,            0.034701,           0.0050187,            0.005809,            0.005809,            0.005809
                 129,            0.025219,              0.0367,           0.0051155,              0.9379,             0.88636,             0.93886,             0.80877,            0.019007,             0.03411,           0.0047899,            0.005776,            0.005776,            0.005776
                 130,            0.025298,             0.03719,           0.0050389,             0.94328,              0.8967,             0.94258,             0.80997,            0.019037,            0.034988,           0.0048406,            0.005743,            0.005743,            0.005743
                 131,            0.025054,            0.036838,           0.0049859,             0.94851,             0.89559,             0.93882,             0.81062,            0.019012,            0.034875,           0.0048847,             0.00571,             0.00571,             0.00571
                 132,            0.025384,            0.037577,           0.0051214,             0.93324,             0.89256,             0.94041,             0.81264,            0.019092,            0.034399,           0.0048214,            0.005677,            0.005677,            0.005677
                 133,            0.025265,            0.036633,           0.0051022,             0.94725,             0.89705,             0.94175,              0.8119,             0.01899,            0.034418,           0.0047317,            0.005644,            0.005644,            0.005644
                 134,            0.025125,            0.036817,           0.0051069,             0.95062,             0.89424,             0.93793,             0.81032,            0.019034,            0.033969,           0.0046462,            0.005611,            0.005611,            0.005611
                 135,              0.0252,            0.036903,           0.0051205,             0.93827,             0.90308,             0.93617,             0.80833,            0.019039,            0.033654,           0.0046788,            0.005578,            0.005578,            0.005578
                 136,            0.024987,            0.036588,           0.0050633,             0.93999,             0.89941,             0.93936,             0.80847,            0.019119,            0.033595,           0.0047791,            0.005545,            0.005545,            0.005545
                 137,            0.024794,            0.036062,           0.0050264,             0.93428,             0.89888,             0.94125,             0.81301,            0.019032,            0.034332,             0.00471,            0.005512,            0.005512,            0.005512
                 138,            0.025106,            0.037141,           0.0051062,             0.94656,             0.89697,             0.94008,             0.81243,             0.01913,            0.034401,           0.0048339,            0.005479,            0.005479,            0.005479
                 139,            0.024777,            0.036745,           0.0049948,             0.94584,             0.89821,             0.94344,             0.81595,            0.018902,            0.034323,           0.0048253,            0.005446,            0.005446,            0.005446
                 140,             0.02468,            0.036693,           0.0049848,             0.94513,              0.8943,             0.94096,             0.81276,            0.018869,             0.03444,           0.0048215,            0.005413,            0.005413,            0.005413
                 141,            0.024834,            0.035934,           0.0050182,             0.94133,             0.89892,             0.93791,             0.81282,            0.018859,            0.033904,           0.0047025,             0.00538,             0.00538,             0.00538
                 142,             0.02459,            0.036041,           0.0050457,             0.94559,             0.89176,              0.9403,             0.81265,            0.018939,             0.03481,           0.0047122,            0.005347,            0.005347,            0.005347
                 143,            0.024872,            0.036788,           0.0050113,             0.92879,             0.89823,             0.94167,             0.81654,            0.019007,            0.034284,           0.0047001,            0.005314,            0.005314,            0.005314
                 144,             0.02466,            0.036268,           0.0048866,             0.93002,             0.90218,             0.94324,              0.8183,            0.018781,            0.033683,            0.004772,            0.005281,            0.005281,            0.005281
                 145,            0.024553,            0.036214,           0.0048952,             0.94009,             0.90092,              0.9445,             0.82116,            0.018926,            0.034205,           0.0047869,            0.005248,            0.005248,            0.005248
                 146,            0.024767,            0.036185,            0.005011,             0.94576,              0.9003,             0.94378,             0.81889,            0.018796,            0.033599,           0.0047549,            0.005215,            0.005215,            0.005215
                 147,             0.02464,            0.036536,           0.0048546,             0.95216,             0.89484,             0.94497,             0.82076,              0.0187,             0.03357,           0.0047415,            0.005182,            0.005182,            0.005182
                 148,            0.024462,             0.03515,            0.004868,             0.94644,             0.90353,             0.94611,             0.82102,            0.018678,            0.033743,           0.0046939,            0.005149,            0.005149,            0.005149
                 149,            0.024704,            0.036651,           0.0050287,             0.95445,             0.90285,             0.94723,             0.82101,            0.018631,             0.03422,           0.0047477,            0.005116,            0.005116,            0.005116
                 150,            0.024642,            0.036081,           0.0049744,             0.94523,             0.89988,             0.94822,             0.82412,            0.018651,            0.033695,           0.0047313,            0.005083,            0.005083,            0.005083
                 151,             0.02457,            0.036099,           0.0048819,             0.94255,             0.89959,             0.94647,             0.82137,            0.018647,            0.033514,           0.0047898,             0.00505,             0.00505,             0.00505
                 152,            0.024687,            0.036006,           0.0050312,             0.95003,              0.8946,             0.94686,             0.81996,            0.018588,            0.033863,           0.0046625,            0.005017,            0.005017,            0.005017
                 153,            0.024462,            0.035377,           0.0048515,             0.94482,             0.90259,              0.9472,             0.82297,            0.018606,            0.034119,           0.0046412,            0.004984,            0.004984,            0.004984
                 154,            0.024323,            0.035792,           0.0048181,             0.94673,             0.91058,             0.94898,             0.82727,            0.018562,            0.033402,             0.00461,            0.004951,            0.004951,            0.004951
                 155,            0.024358,            0.035529,           0.0046739,             0.94626,             0.90629,             0.94786,             0.82567,            0.018546,            0.033252,           0.0046803,            0.004918,            0.004918,            0.004918
                 156,            0.024395,            0.035929,           0.0047876,             0.94475,             0.90911,             0.94771,             0.82452,            0.018523,            0.033492,           0.0046276,            0.004885,            0.004885,            0.004885
                 157,             0.02418,            0.035484,           0.0047935,             0.94796,             0.90621,              0.9472,             0.82289,            0.018528,            0.033727,            0.004668,            0.004852,            0.004852,            0.004852
                 158,            0.024128,              0.0357,           0.0046244,             0.94591,              0.9038,             0.94699,             0.82759,            0.018565,            0.033478,           0.0046915,            0.004819,            0.004819,            0.004819
                 159,            0.024143,            0.035909,             0.00479,             0.94423,             0.90669,             0.94744,              0.8283,            0.018489,            0.033546,           0.0047474,            0.004786,            0.004786,            0.004786
                 160,            0.023879,            0.035487,           0.0046174,             0.92836,              0.9167,             0.94955,             0.82834,            0.018559,            0.033847,           0.0047525,            0.004753,            0.004753,            0.004753
                 161,            0.024041,            0.035366,           0.0047637,             0.94025,             0.91322,             0.94695,              0.8271,              0.0185,            0.034159,           0.0047281,             0.00472,             0.00472,             0.00472
                 162,            0.024245,            0.035885,           0.0046936,             0.94178,             0.91237,             0.94924,             0.82634,            0.018596,            0.033988,           0.0047841,            0.004687,            0.004687,            0.004687
                 163,            0.023995,            0.035636,           0.0046419,             0.93855,             0.90943,             0.94732,             0.82672,            0.018497,            0.033921,            0.004815,            0.004654,            0.004654,            0.004654
                 164,            0.024117,            0.035387,           0.0047298,             0.93487,              0.9093,             0.94713,               0.822,            0.018477,            0.033656,           0.0047897,            0.004621,            0.004621,            0.004621
                 165,            0.023739,            0.034447,           0.0046047,             0.93794,             0.91119,             0.94791,             0.81911,            0.018448,            0.033403,           0.0046992,            0.004588,            0.004588,            0.004588
                 166,             0.02389,            0.035127,           0.0045477,             0.94021,             0.90376,             0.94801,             0.82526,            0.018393,            0.033797,           0.0046406,            0.004555,            0.004555,            0.004555
                 167,            0.024014,            0.035239,           0.0047005,             0.94471,             0.90586,             0.94766,             0.82503,            0.018356,            0.033711,           0.0046402,            0.004522,            0.004522,            0.004522
                 168,            0.023509,            0.034757,           0.0046739,             0.94171,             0.90406,             0.94632,             0.82332,            0.018425,            0.033752,           0.0047579,            0.004489,            0.004489,            0.004489
                 169,            0.023912,            0.035075,           0.0046704,             0.93883,             0.91014,             0.94619,             0.82256,            0.018413,            0.033755,           0.0047238,            0.004456,            0.004456,            0.004456
                 170,            0.023694,            0.034809,           0.0045916,             0.93543,             0.91374,             0.94563,             0.81867,            0.018395,            0.033712,           0.0047154,            0.004423,            0.004423,            0.004423
                 171,            0.023965,            0.035611,           0.0046318,             0.94457,              0.9042,             0.94443,             0.82058,            0.018338,            0.033718,           0.0047418,             0.00439,             0.00439,             0.00439
                 172,             0.02358,            0.034885,           0.0045213,             0.94036,             0.89764,             0.94401,             0.82493,            0.018289,            0.033783,           0.0046849,            0.004357,            0.004357,            0.004357
                 173,            0.023597,               0.035,           0.0046069,             0.93142,             0.90982,              0.9438,             0.82495,             0.01825,            0.033661,           0.0046617,            0.004324,            0.004324,            0.004324
                 174,            0.023884,            0.035269,           0.0046753,             0.93188,             0.90588,             0.94433,             0.82674,            0.018248,            0.033371,           0.0046218,            0.004291,            0.004291,            0.004291
                 175,             0.02347,            0.034547,           0.0046369,             0.92959,             0.90847,             0.94639,             0.82592,              0.0182,             0.03343,           0.0045923,            0.004258,            0.004258,            0.004258
                 176,            0.023675,            0.034694,           0.0044821,             0.94169,             0.89683,             0.94542,             0.82442,            0.018215,            0.033675,           0.0046539,            0.004225,            0.004225,            0.004225
                 177,            0.023461,             0.03468,           0.0046063,             0.92578,             0.91263,             0.94431,             0.82769,            0.018202,            0.033675,            0.004669,            0.004192,            0.004192,            0.004192
                 178,            0.023627,            0.034556,            0.004536,             0.94368,             0.90057,             0.94351,              0.8266,            0.018195,            0.033632,           0.0046261,            0.004159,            0.004159,            0.004159
                 179,            0.023387,            0.034527,           0.0044887,             0.93507,             0.90844,             0.94399,              0.8275,             0.01814,            0.033662,           0.0046439,            0.004126,            0.004126,            0.004126
                 180,            0.023396,            0.034936,           0.0045129,             0.93709,             0.90485,             0.94368,              0.8281,            0.018135,            0.033618,           0.0046919,            0.004093,            0.004093,            0.004093
                 181,            0.023356,            0.034675,           0.0044579,             0.93948,             0.89816,             0.94233,             0.82777,            0.018093,            0.033703,           0.0047654,             0.00406,             0.00406,             0.00406
                 182,            0.023605,            0.035241,           0.0046067,             0.93342,             0.90221,             0.94142,             0.82744,            0.018057,            0.033721,           0.0048418,            0.004027,            0.004027,            0.004027
                 183,            0.023025,            0.034485,           0.0043776,             0.92748,             0.90142,             0.94173,             0.82727,            0.018017,            0.033905,           0.0048404,            0.003994,            0.003994,            0.003994
                 184,            0.023309,            0.034372,           0.0044007,             0.92757,             0.90752,             0.94249,             0.82637,            0.018017,             0.03384,           0.0048046,            0.003961,            0.003961,            0.003961
                 185,            0.023494,            0.034493,           0.0045807,             0.93279,              0.9024,             0.94229,             0.82591,            0.017997,            0.034193,           0.0047723,            0.003928,            0.003928,            0.003928
                 186,            0.023167,            0.034059,           0.0044242,             0.93434,             0.90322,               0.943,             0.82746,            0.018014,            0.034237,           0.0047412,            0.003895,            0.003895,            0.003895
                 187,            0.023105,            0.033928,           0.0043765,             0.93874,             0.89702,             0.94347,             0.82762,            0.017989,            0.034044,           0.0047904,            0.003862,            0.003862,            0.003862
                 188,            0.023293,            0.034239,           0.0043462,             0.94506,              0.8939,             0.94409,             0.82872,            0.017972,             0.03416,           0.0047982,            0.003829,            0.003829,            0.003829
                 189,            0.023305,            0.034511,           0.0043279,             0.93716,             0.89901,             0.94199,             0.82714,            0.017989,            0.034169,           0.0047618,            0.003796,            0.003796,            0.003796
                 190,            0.023105,            0.034127,            0.004325,             0.93971,             0.89998,             0.94197,             0.82625,            0.017983,            0.034024,           0.0047732,            0.003763,            0.003763,            0.003763
                 191,            0.023176,            0.034028,           0.0043206,             0.93699,             0.90375,             0.94228,             0.82644,            0.018007,            0.033973,            0.004752,             0.00373,             0.00373,             0.00373
                 192,            0.023058,            0.034145,            0.004339,             0.93943,              0.9046,              0.9426,             0.82688,            0.018005,            0.033724,           0.0047677,            0.003697,            0.003697,            0.003697
                 193,            0.022794,            0.033438,           0.0043082,               0.939,             0.90496,             0.94225,             0.82606,            0.018009,            0.033644,            0.004783,            0.003664,            0.003664,            0.003664
                 194,            0.023055,            0.034137,           0.0044067,             0.94005,             0.90611,             0.94321,             0.82705,            0.017964,             0.03358,           0.0047778,            0.003631,            0.003631,            0.003631
                 195,            0.023093,            0.034517,           0.0043107,             0.94186,              0.9028,             0.94304,             0.82985,            0.017956,            0.033503,           0.0047977,            0.003598,            0.003598,            0.003598
                 196,            0.022619,             0.03326,            0.004224,             0.93665,             0.90352,             0.94339,             0.82903,            0.017935,            0.033479,           0.0047914,            0.003565,            0.003565,            0.003565
                 197,            0.022764,            0.033596,            0.004324,             0.94009,             0.90106,              0.9447,             0.83075,            0.017916,            0.033496,           0.0047658,            0.003532,            0.003532,            0.003532
                 198,            0.023022,            0.034089,           0.0043282,             0.93621,             0.90353,             0.94602,             0.83272,             0.01788,            0.033408,            0.004719,            0.003499,            0.003499,            0.003499
                 199,            0.022651,            0.033962,           0.0042999,             0.94044,             0.90305,              0.9467,             0.83203,            0.017897,            0.033468,           0.0046814,            0.003466,            0.003466,            0.003466
                 200,            0.022803,            0.033522,           0.0043542,             0.93824,               0.906,             0.94697,             0.83396,             0.01789,            0.033385,           0.0046365,            0.003433,            0.003433,            0.003433
                 201,             0.02279,            0.033788,           0.0042748,             0.93491,             0.91238,             0.94806,             0.83401,            0.017846,            0.033443,           0.0046091,              0.0034,              0.0034,              0.0034
                 202,            0.022747,            0.033587,           0.0042569,             0.93872,             0.91033,             0.94856,             0.83404,            0.017846,            0.033578,            0.004583,            0.003367,            0.003367,            0.003367
                 203,            0.022727,            0.033308,           0.0042627,              0.9456,               0.909,             0.94785,             0.83353,            0.017845,            0.033616,           0.0045497,            0.003334,            0.003334,            0.003334
                 204,            0.022448,            0.033265,           0.0041991,             0.94958,             0.90712,              0.9485,             0.83373,            0.017846,            0.033677,            0.004569,            0.003301,            0.003301,            0.003301
                 205,            0.022742,            0.033398,            0.004261,             0.95183,             0.90522,             0.94875,             0.83324,            0.017826,            0.033591,           0.0045686,            0.003268,            0.003268,            0.003268
                 206,            0.022721,            0.033837,           0.0042545,             0.94685,             0.90872,             0.94852,             0.83343,            0.017794,            0.033466,            0.004588,            0.003235,            0.003235,            0.003235
                 207,            0.022359,            0.032483,           0.0041405,             0.94484,             0.91033,             0.94874,             0.83501,            0.017771,            0.033587,           0.0046044,            0.003202,            0.003202,            0.003202
                 208,            0.022301,            0.033463,           0.0041405,             0.94747,             0.90684,             0.94861,             0.83568,            0.017776,            0.033583,           0.0046054,            0.003169,            0.003169,            0.003169
                 209,            0.022229,            0.033081,           0.0041544,             0.94694,              0.9062,             0.94804,             0.83626,            0.017774,            0.033636,           0.0046338,            0.003136,            0.003136,            0.003136
                 210,            0.022255,            0.033157,           0.0042206,             0.95135,             0.90209,             0.94837,             0.83706,            0.017762,            0.033596,           0.0046377,            0.003103,            0.003103,            0.003103
                 211,            0.022279,            0.033144,           0.0040884,             0.94707,             0.90374,             0.94816,             0.83892,            0.017769,            0.033668,           0.0046495,             0.00307,             0.00307,             0.00307
                 212,            0.022593,            0.033382,              0.0042,             0.95154,             0.90156,             0.94815,             0.83725,            0.017749,            0.033557,           0.0046589,            0.003037,            0.003037,            0.003037
                 213,            0.022333,            0.033204,           0.0040728,              0.9526,             0.90163,             0.94841,             0.83796,            0.017742,            0.033549,           0.0046513,            0.003004,            0.003004,            0.003004
                 214,            0.022362,            0.032889,           0.0041288,             0.95146,              0.9094,             0.94891,              0.8369,            0.017716,            0.033534,           0.0046546,            0.002971,            0.002971,            0.002971
                 215,            0.022168,            0.032917,           0.0041859,             0.94888,              0.9118,             0.94919,              0.8378,            0.017704,            0.033581,           0.0046567,            0.002938,            0.002938,            0.002938
                 216,            0.022342,             0.03291,           0.0040331,             0.94197,             0.91554,             0.94927,             0.83884,            0.017699,              0.0337,           0.0046595,            0.002905,            0.002905,            0.002905
                 217,            0.022038,             0.03309,           0.0041006,              0.9406,              0.9161,             0.94904,             0.83729,            0.017694,            0.033639,           0.0046622,            0.002872,            0.002872,            0.002872
                 218,            0.022088,            0.032762,           0.0041454,             0.94348,             0.91746,               0.949,             0.83699,            0.017694,            0.033667,           0.0046667,            0.002839,            0.002839,            0.002839
                 219,            0.022026,            0.032619,           0.0039621,             0.94994,              0.9125,             0.94914,             0.83803,            0.017684,            0.033576,           0.0046831,            0.002806,            0.002806,            0.002806
                 220,            0.021928,            0.032838,            0.003941,             0.95233,             0.91214,             0.94916,             0.83731,            0.017687,            0.033562,           0.0046753,            0.002773,            0.002773,            0.002773
                 221,             0.02172,             0.03229,           0.0040225,             0.95384,             0.91088,             0.94957,             0.83644,            0.017682,            0.033556,           0.0046575,             0.00274,             0.00274,             0.00274
                 222,            0.021798,            0.032235,           0.0040332,             0.95456,             0.90957,             0.94955,             0.83812,             0.01768,            0.033661,           0.0046646,            0.002707,            0.002707,            0.002707
                 223,            0.021947,            0.032369,           0.0039958,             0.95085,              0.9109,             0.94962,             0.83675,            0.017686,            0.033712,           0.0046789,            0.002674,            0.002674,            0.002674
                 224,            0.021902,            0.032633,           0.0039233,             0.94574,             0.91394,             0.94984,             0.83648,            0.017672,            0.033676,           0.0046612,            0.002641,            0.002641,            0.002641
                 225,            0.021812,            0.032067,           0.0040094,             0.95413,             0.91115,             0.95036,             0.83545,            0.017668,            0.033652,           0.0046653,            0.002608,            0.002608,            0.002608
                 226,            0.021838,            0.031935,           0.0040108,             0.95276,             0.91118,             0.94991,             0.83638,            0.017666,            0.033761,           0.0046701,            0.002575,            0.002575,            0.002575
                 227,            0.021663,            0.032152,           0.0039479,             0.94949,             0.90619,             0.94951,             0.83517,            0.017657,            0.033789,            0.004669,            0.002542,            0.002542,            0.002542
                 228,            0.021481,            0.032177,           0.0039523,             0.94856,             0.90708,             0.94912,             0.83677,            0.017661,            0.033869,           0.0046741,            0.002509,            0.002509,            0.002509
                 229,            0.021899,            0.032284,           0.0040905,             0.94882,             0.90861,             0.94923,             0.83768,            0.017665,            0.033882,           0.0046831,            0.002476,            0.002476,            0.002476
                 230,            0.021687,            0.032066,           0.0039533,             0.94787,             0.90999,             0.94913,             0.83734,            0.017663,            0.033935,           0.0047054,            0.002443,            0.002443,            0.002443
                 231,            0.021505,            0.032028,           0.0038016,             0.94384,             0.90836,             0.94933,             0.83777,            0.017662,            0.033913,            0.004718,             0.00241,             0.00241,             0.00241
                 232,            0.021745,            0.032076,           0.0039019,             0.94214,             0.91095,             0.94936,             0.83824,            0.017667,            0.033888,           0.0047236,            0.002377,            0.002377,            0.002377
                 233,            0.021386,            0.031952,           0.0037873,             0.93981,             0.91351,             0.94917,             0.83895,             0.01766,             0.03383,           0.0047238,            0.002344,            0.002344,            0.002344
                 234,            0.021695,             0.03256,           0.0038916,              0.9425,             0.91292,             0.94901,             0.83805,            0.017651,            0.033802,           0.0047313,            0.002311,            0.002311,            0.002311
                 235,            0.021414,            0.032035,           0.0038506,             0.94065,             0.91767,             0.94887,             0.83804,            0.017649,            0.033849,           0.0047341,            0.002278,            0.002278,            0.002278
                 236,            0.021338,            0.031818,           0.0038295,             0.94119,             0.91939,             0.94897,             0.83894,            0.017639,            0.033784,           0.0047328,            0.002245,            0.002245,            0.002245
                 237,            0.021711,            0.032215,            0.003854,             0.94284,             0.91748,             0.94925,             0.84083,            0.017632,            0.033749,           0.0047308,            0.002212,            0.002212,            0.002212
                 238,            0.021422,            0.031879,           0.0037791,             0.94318,             0.91608,             0.94945,             0.84105,            0.017621,            0.033626,           0.0047224,            0.002179,            0.002179,            0.002179
                 239,            0.021521,             0.03165,           0.0039033,             0.94506,             0.91519,             0.94955,             0.83875,            0.017615,            0.033645,           0.0047182,            0.002146,            0.002146,            0.002146
                 240,            0.020897,            0.031066,           0.0037098,             0.94439,             0.91627,             0.94983,             0.83975,            0.017603,            0.033669,           0.0047217,            0.002113,            0.002113,            0.002113
                 241,            0.021268,            0.031307,           0.0038358,             0.94433,             0.91572,             0.94974,             0.83953,            0.017593,            0.033633,           0.0047186,             0.00208,             0.00208,             0.00208
                 242,            0.021294,            0.031322,           0.0037434,             0.94604,             0.91427,             0.94963,             0.83775,            0.017586,            0.033713,           0.0047317,            0.002047,            0.002047,            0.002047
                 243,             0.02109,             0.03169,           0.0037537,             0.94583,               0.914,             0.94964,             0.83833,            0.017576,            0.033687,           0.0047404,            0.002014,            0.002014,            0.002014
                 244,            0.021506,            0.031596,           0.0038373,             0.94546,             0.91404,             0.94939,             0.83838,            0.017569,            0.033726,           0.0047524,            0.001981,            0.001981,            0.001981
                 245,            0.021182,            0.031651,           0.0037609,             0.94763,             0.91263,              0.9495,              0.8372,            0.017565,            0.033743,           0.0047584,            0.001948,            0.001948,            0.001948
                 246,            0.020956,            0.031223,           0.0036728,             0.94798,             0.91226,             0.94941,             0.83784,            0.017567,            0.033748,            0.004765,            0.001915,            0.001915,            0.001915
                 247,            0.021428,            0.031945,           0.0037783,             0.94799,             0.91195,             0.94929,             0.83835,            0.017564,            0.033759,           0.0047736,            0.001882,            0.001882,            0.001882
                 248,            0.021209,            0.031657,           0.0036831,             0.94896,             0.91177,             0.94928,              0.8376,            0.017579,            0.033748,           0.0047775,            0.001849,            0.001849,            0.001849
                 249,            0.020961,             0.03079,           0.0037095,             0.95051,             0.91102,             0.94934,             0.83707,            0.017576,            0.033731,           0.0047781,            0.001816,            0.001816,            0.001816
                 250,            0.021113,            0.031287,           0.0037865,             0.95036,             0.91134,             0.94918,             0.83701,            0.017576,            0.033719,           0.0047792,            0.001783,            0.001783,            0.001783
                 251,            0.021022,            0.031141,           0.0036538,              0.9499,             0.90969,             0.94898,             0.83827,            0.017581,            0.033735,           0.0047931,             0.00175,             0.00175,             0.00175
                 252,            0.020919,            0.030715,           0.0036248,             0.94881,             0.90828,             0.94897,             0.83788,            0.017572,            0.033769,           0.0047961,            0.001717,            0.001717,            0.001717
                 253,            0.021091,            0.031002,           0.0037011,             0.95085,             0.90917,             0.94869,             0.83789,            0.017566,            0.033824,            0.004805,            0.001684,            0.001684,            0.001684
                 254,            0.020897,            0.030653,           0.0036625,             0.95115,             0.90879,             0.94842,             0.83803,            0.017562,            0.033849,           0.0048119,            0.001651,            0.001651,            0.001651
                 255,            0.020844,            0.030813,           0.0037088,             0.95276,              0.9078,             0.94842,              0.8379,            0.017559,            0.033912,           0.0048165,            0.001618,            0.001618,            0.001618
                 256,            0.020892,            0.030709,           0.0036359,             0.95083,              0.9089,             0.94838,             0.83841,            0.017556,            0.033953,           0.0048184,            0.001585,            0.001585,            0.001585
                 257,            0.020885,            0.030772,           0.0036282,             0.95089,             0.90937,             0.94826,             0.83978,            0.017555,            0.033952,           0.0048223,            0.001552,            0.001552,            0.001552
                 258,            0.020697,            0.030691,           0.0035631,             0.95122,             0.90952,             0.94827,             0.83932,            0.017559,            0.033985,           0.0048266,            0.001519,            0.001519,            0.001519
                 259,            0.020832,            0.030463,           0.0035461,             0.94993,               0.909,             0.94844,             0.83957,            0.017549,            0.033988,           0.0048317,            0.001486,            0.001486,            0.001486
                 260,             0.02082,            0.030651,           0.0035652,             0.94464,              0.9127,             0.94841,             0.83992,            0.017542,            0.033977,           0.0048369,            0.001453,            0.001453,            0.001453
                 261,            0.020669,            0.030731,            0.003546,              0.9448,             0.91156,             0.94854,             0.84022,            0.017538,            0.033976,            0.004843,             0.00142,             0.00142,             0.00142
                 262,             0.02071,            0.030661,           0.0035341,             0.94665,             0.90844,             0.94812,             0.83974,            0.017534,            0.033992,           0.0048516,            0.001387,            0.001387,            0.001387
                 263,            0.020827,            0.030755,           0.0035413,             0.94209,             0.91128,              0.9481,             0.84063,            0.017533,            0.034056,           0.0048595,            0.001354,            0.001354,            0.001354
                 264,            0.020596,            0.030718,            0.003593,             0.94767,             0.90858,             0.94802,             0.84015,            0.017532,            0.034051,            0.004868,            0.001321,            0.001321,            0.001321
                 265,            0.020657,            0.030483,           0.0036918,             0.94786,             0.90901,             0.94797,             0.84046,            0.017528,            0.034052,           0.0048763,            0.001288,            0.001288,            0.001288
                 266,            0.020549,            0.030306,           0.0035248,             0.94762,             0.90899,             0.94804,             0.84052,             0.01752,            0.034079,           0.0048818,            0.001255,            0.001255,            0.001255
                 267,            0.020245,            0.029909,           0.0035253,             0.94653,             0.90988,             0.94794,             0.83979,            0.017515,            0.034096,           0.0048885,            0.001222,            0.001222,            0.001222
                 268,              0.0207,            0.030649,           0.0036385,             0.94608,             0.91065,             0.94812,             0.83952,            0.017515,            0.034098,           0.0048958,            0.001189,            0.001189,            0.001189
                 269,             0.02042,            0.030461,           0.0034278,              0.9442,             0.90979,             0.94782,             0.83919,            0.017514,            0.034116,           0.0049006,            0.001156,            0.001156,            0.001156
                 270,            0.020399,            0.030642,           0.0035098,             0.94464,             0.91144,              0.9482,             0.84028,            0.017513,             0.03412,           0.0049097,            0.001123,            0.001123,            0.001123
                 271,            0.020512,            0.030138,           0.0035908,             0.94324,             0.91021,             0.94846,              0.8399,             0.01751,            0.034157,           0.0049166,             0.00109,             0.00109,             0.00109
                 272,            0.020583,             0.02996,           0.0034686,             0.94313,             0.91029,             0.94843,             0.84005,            0.017505,            0.034176,           0.0049208,            0.001057,            0.001057,            0.001057
                 273,             0.02029,            0.030359,           0.0035216,             0.94329,             0.90987,             0.94838,              0.8406,            0.017504,            0.034174,           0.0049283,            0.001024,            0.001024,            0.001024
                 274,            0.020339,             0.03007,           0.0034593,             0.94483,             0.90962,             0.94847,             0.84012,            0.017505,            0.034193,           0.0049348,            0.000991,            0.000991,            0.000991
                 275,            0.020471,            0.030374,           0.0034444,             0.94432,             0.90981,             0.94844,             0.84021,            0.017503,            0.034212,           0.0049418,            0.000958,            0.000958,            0.000958
                 276,            0.020363,            0.030302,           0.0034646,             0.94452,             0.90963,             0.94848,              0.8402,            0.017504,            0.034207,           0.0049536,            0.000925,            0.000925,            0.000925
                 277,            0.020219,            0.029864,           0.0034612,               0.945,             0.90944,             0.94841,             0.84008,            0.017498,              0.0342,           0.0049585,            0.000892,            0.000892,            0.000892
                 278,            0.020387,            0.030429,           0.0034776,              0.9451,             0.90908,              0.9485,             0.83892,            0.017501,            0.034225,           0.0049639,            0.000859,            0.000859,            0.000859
                 279,            0.020319,            0.030025,           0.0034468,             0.94516,             0.90898,             0.94859,             0.83936,            0.017497,            0.034206,           0.0049672,            0.000826,            0.000826,            0.000826
                 280,            0.020299,            0.029979,           0.0033874,             0.94464,              0.9095,             0.94859,             0.83916,            0.017497,            0.034219,           0.0049735,            0.000793,            0.000793,            0.000793
                 281,            0.020128,            0.029957,             0.00334,             0.94448,              0.9098,             0.94858,             0.83873,            0.017497,            0.034237,           0.0049773,             0.00076,             0.00076,             0.00076
                 282,            0.020133,            0.029683,            0.003384,              0.9437,             0.90994,             0.94867,             0.83876,            0.017497,             0.03424,           0.0049828,            0.000727,            0.000727,            0.000727
                 283,            0.020226,            0.029944,           0.0034206,             0.94354,             0.91008,             0.94869,             0.83893,            0.017502,            0.034247,           0.0049866,            0.000694,            0.000694,            0.000694
                 284,            0.020274,            0.029797,           0.0033933,             0.94338,             0.91041,             0.94867,             0.83881,              0.0175,            0.034238,           0.0049893,            0.000661,            0.000661,            0.000661
                 285,            0.020046,            0.029563,           0.0034101,             0.94309,             0.91039,             0.94873,             0.83851,            0.017497,            0.034243,           0.0049941,            0.000628,            0.000628,            0.000628
                 286,            0.020182,            0.029671,            0.003448,              0.9429,             0.91049,             0.94863,             0.83813,            0.017497,            0.034243,           0.0049978,            0.000595,            0.000595,            0.000595
                 287,            0.019951,             0.02945,           0.0033739,             0.94396,             0.90966,             0.94826,             0.83904,            0.017495,            0.034271,           0.0050036,            0.000562,            0.000562,            0.000562
                 288,            0.020222,            0.029988,            0.003394,             0.94414,             0.90938,             0.94822,             0.83898,            0.017499,            0.034278,           0.0050099,            0.000529,            0.000529,            0.000529
                 289,            0.020117,            0.029443,           0.0034078,             0.94402,             0.90922,             0.94813,             0.83891,            0.017502,            0.034283,           0.0050158,            0.000496,            0.000496,            0.000496
                 290,            0.020261,            0.030041,           0.0034104,             0.94317,             0.90964,             0.94796,              0.8388,            0.017501,            0.034296,           0.0050238,            0.000463,            0.000463,            0.000463
                 291,            0.020038,            0.029633,           0.0032801,             0.94414,             0.90887,             0.94788,             0.83898,            0.017501,            0.034308,            0.005032,             0.00043,             0.00043,             0.00043
                 292,            0.019731,             0.02924,           0.0033338,             0.94487,             0.90686,             0.94785,             0.83902,            0.017504,            0.034305,           0.0050423,            0.000397,            0.000397,            0.000397
                 293,            0.020068,            0.029549,           0.0033274,             0.94386,             0.90584,             0.94729,             0.83834,            0.017506,            0.034327,           0.0050497,            0.000364,            0.000364,            0.000364
                 294,            0.020067,            0.029417,           0.0033723,             0.94566,             0.90537,             0.94737,             0.83865,            0.017508,            0.034324,           0.0050559,            0.000331,            0.000331,            0.000331
                 295,            0.019796,            0.029526,           0.0032531,             0.94391,             0.90578,             0.94722,             0.83855,             0.01751,            0.034343,           0.0050614,            0.000298,            0.000298,            0.000298
                 296,            0.019924,            0.030043,            0.003308,             0.94469,              0.9044,             0.94717,             0.83845,             0.01751,            0.034353,            0.005069,            0.000265,            0.000265,            0.000265
                 297,             0.01988,            0.029155,           0.0033568,             0.94466,             0.90448,             0.94707,             0.83856,            0.017511,            0.034376,           0.0050754,            0.000232,            0.000232,            0.000232
                 298,            0.019894,            0.029743,           0.0032652,             0.94484,             0.90421,             0.94701,             0.83845,            0.017515,             0.03439,           0.0050807,            0.000199,            0.000199,            0.000199
                 299,            0.019634,            0.028926,           0.0033664,             0.94496,             0.90439,             0.94709,             0.83857,            0.017515,            0.034393,           0.0050854,            0.000166,            0.000166,            0.000166
